
{"Cornell Rd":[34.14136, -118.75396], "Cornell Way":[34.155, -118.81443], "Kaman Rd":[34.17062, -118.78177], "US-101":[34.1851, -118.55484],"US-101 South":[34.14221, -118.32], "CA-110":[34.09531, -118.32756], "8th Place":[34.07598, -118.28533], "James M Wood Blvd":[34.06204, -118.28739],"9th St":[34.07654, -118.23589], "Flower St":[34.04014, -118.21975], "Olympic Blvd":[34.0151, -118.30455], "S Figueroa":[34.0427, -118.3176]}